{"L1": 7.906963089425568e-08, "L2": 4.2625909812439217e-08, "Li": 6.4545350286771e-08}