{"L1": 0.07038672358355746, "L2": 0.05152586456505191, "Li": 0.03264183187240402}