{"L1": 0.0891991439253762, "L2": 0.06987912027356567, "Li": 0.38312649478359884}