{"L1": 0.24316775816771113, "L2": 0.20405853972553603, "Li": 0.1000758324806282}