{"L1": 3.091979999968533e-06, "L2": 2.4629800801675157e-06, "Li": 1.7295535019862252e-06}