{"L1": 0.049179039465176363, "L2": 0.057161756715614104, "Li": 0.38312649478359884}