{"L1": 0.04917903946517645, "L2": 0.0774385677145724, "Li": 0.3831264947835994}