{"L1": 0.0773524046853856, "L2": 0.06121754181131998, "Li": 0.38312649478359884}